{"cameraMode":{"drawMode":0,"name":"Shaded","section":"Shading Mode"},"sceneLighting":true,"audioPlay":false,"sceneViewState":{"showFog":true,"showMaterialUpdate":false,"showSkybox":true,"showFlares":true,"showImageEffects":true,"showParticleSystems":true},"in2DMode":false,"pivot":{"x":14.920890808105469,"y":-20.640106201171876,"z":-14.309310913085938},"rotation":{"x":0.14201180636882783,"y":-0.8397334814071655,"z":0.453312486410141,"w":0.26306861639022829},"size":219.44699096679688,"orthographic":false}