{"cameraMode":{"drawMode":0,"name":"Shaded","section":"Shading Mode"},"sceneLighting":true,"audioPlay":false,"sceneViewState":{"showFog":true,"showMaterialUpdate":false,"showSkybox":true,"showFlares":true,"showImageEffects":true,"showParticleSystems":true},"in2DMode":false,"pivot":{"x":2.6861071586608888,"y":73.78092956542969,"z":26.724567413330079},"rotation":{"x":0.7253280878067017,"y":-0.0018610055558383465,"z":0.0019629572052508594,"w":0.6884176135063171},"size":90.22573852539063,"orthographic":false}